{"cameraMode":{"drawMode":0,"name":"Shaded","section":"Shading Mode"},"sceneLighting":false,"audioPlay":false,"sceneViewState":{"m_AlwaysRefresh":false,"showFog":true,"showSkybox":false,"showFlares":true,"showImageEffects":true,"showParticleSystems":true,"showVisualEffectGraphs":true,"m_FxEnabled":true},"in2DMode":false,"pivot":{"x":-3.5141689777374269,"y":1.7993087768554688,"z":0.2936584949493408},"rotation":{"x":-0.11324876546859741,"y":-0.11834199726581574,"z":0.013586812652647496,"w":-0.9864003658294678},"size":12.235811233520508,"orthographic":false}