{"cameraMode":{"drawMode":0,"name":"Shaded","section":"Shading Mode"},"sceneLighting":false,"audioPlay":false,"sceneViewState":{"m_AlwaysRefresh":false,"showFog":true,"showSkybox":false,"showFlares":true,"showImageEffects":true,"showParticleSystems":true,"showVisualEffectGraphs":true,"m_FxEnabled":true},"in2DMode":false,"pivot":{"x":27.870229721069337,"y":-11.995720863342286,"z":-87.19778442382813},"rotation":{"x":0.06091165542602539,"y":0.7534538507461548,"z":-0.07050807774066925,"w":0.6508787274360657},"size":0.3378545343875885,"orthographic":false}