{"cameraMode":{"drawMode":0,"name":"Shaded","section":"Shading Mode"},"sceneLighting":false,"audioPlay":false,"sceneViewState":{"m_AlwaysRefresh":false,"showFog":true,"showSkybox":false,"showFlares":true,"showImageEffects":true,"showParticleSystems":true,"showVisualEffectGraphs":true,"m_FxEnabled":true},"in2DMode":false,"pivot":{"x":2.7556514739990236,"y":1.1918528079986573,"z":0.5834929943084717},"rotation":{"x":-0.11324876546859741,"y":-0.11834199726581574,"z":0.013586812652647496,"w":-0.9864003658294678},"size":7.748119831085205,"orthographic":false}