{"cameraMode":{"drawMode":0,"name":"Shaded","section":"Shading Mode"},"sceneLighting":false,"audioPlay":false,"sceneViewState":{"m_AlwaysRefresh":false,"showFog":true,"showSkybox":false,"showFlares":true,"showImageEffects":true,"showParticleSystems":true,"showVisualEffectGraphs":true,"m_FxEnabled":true},"in2DMode":false,"pivot":{"x":0.2746598720550537,"y":1.2428539991378785,"z":-0.09396302700042725},"rotation":{"x":-0.11324876546859741,"y":-0.11834199726581574,"z":0.013586812652647496,"w":-0.9864003658294678},"size":4.015716075897217,"orthographic":false}