{"cameraMode":{"drawMode":0,"name":"Shaded","section":"Shading Mode"},"sceneLighting":false,"audioPlay":false,"sceneViewState":{"m_AlwaysRefresh":false,"showFog":true,"showSkybox":false,"showFlares":true,"showImageEffects":true,"showParticleSystems":true,"showVisualEffectGraphs":true,"m_FxEnabled":true},"in2DMode":false,"pivot":{"x":28.850265502929689,"y":-11.654191970825196,"z":-88.47766876220703},"rotation":{"x":0.14953097701072694,"y":-0.35298240184783938,"z":0.057258766144514087,"w":0.9218366742134094},"size":0.3076150417327881,"orthographic":false}